﻿OBJECTID;nom;adresse;type;proprietaire;gestionnaire;geo_shape;geo_point_2d;latitude;longitude
3;Les Jardins du Brondeloire;Parc du Brondeloire;Familiaux;ville;Maison du jardin;"{""coordinates"": [3.158070964759599, 50.690337919553706], ""type"": ""Point""}";50.690337919553706, 3.158070964759599;50.690337919553706;3.158070964759599
5;Les jardins de l'Ouest;Rue de l'Ouest;Familiaux;ville mel;Maison du jardin;"{""coordinates"": [3.1593247581357398, 50.6943046719217], ""type"": ""Point""}";50.6943046719217, 3.1593247581357398;50.6943046719217;3.1593247581357398
8;Les jardins de l'Alma;Rue de l'Alma;Familiaux;mel;Centre Social Alma;"{""coordinates"": [3.170914706775103, 50.70016060535821], ""type"": ""Point""}";50.70016060535821, 3.170914706775103;50.70016060535821;3.170914706775103
51;Les jardins d'Iéna;Rue d'iéna;Familiaux;sem;Comité de quartier Cul de Four;"{""coordinates"": [3.175153843157316, 50.70469625536935], ""type"": ""Point""}";50.70469625536935, 3.175153843157316;50.70469625536935;3.175153843157316
59;Espace BARAKA;Rue de Sébastopol;Partagés;ville;Baraka;"{""coordinates"": [3.170504859396046, 50.68907700591411], ""type"": ""Point""}";50.68907700591411, 3.170504859396046;50.68907700591411;3.170504859396046
63;Les jardins d'Estaing;Rue d'Estaing;Familiaux;vilogia;Maison du jardin;"{""coordinates"": [3.196185670802496, 50.690522756914575], ""type"": ""Point""}";50.690522756914575, 3.196185670802496;50.690522756914575;3.196185670802496
60;Jardin de Brossolette;105 rue de Brosolette;Partagés;ville;Comité de quartier Hauts Champs;"{""coordinates"": [3.193847259520399, 50.671163295498935], ""type"": ""Point""}";50.671163295498935, 3.193847259520399;50.671163295498935;3.193847259520399
67;Jardin du Hêtre;42 Boulevard d'Alsace;Partagés;;Jardin de traverse;"{""coordinates"": [3.1630395241087697, 50.69954874593989], ""type"": ""Point""}";50.69954874593989, 3.1630395241087697;50.69954874593989;3.1630395241087697
7;Les jardins de la Chaussée;Rue de la Chaussée;Familiaux;ville;Centre Social Alma;"{""coordinates"": [3.165939253220932, 50.7029396198015], ""type"": ""Point""}";50.7029396198015, 3.165939253220932;50.7029396198015;3.165939253220932
58;Jardin de Permaculture;Angle rue du collège rue du Fort;Partagés;ville;Arborescence;"{""coordinates"": [3.1776305607582835, 50.69700484344997], ""type"": ""Point""}";50.69700484344997, 3.1776305607582835;50.69700484344997;3.1776305607582835
20;Le jardin des Abeilles;Rue d'Antoing;Familiaux;ville;Les aventuriers de la terre;"{""coordinates"": [3.1944429331589057, 50.6878978927385], ""type"": ""Point""}";50.6878978927385, 3.1944429331589057;50.6878978927385;3.1944429331589057
34;Jardin Gounod;Rue Charles Gounod;Familiaux;ville;Astuce;"{""coordinates"": [3.1566539249729546, 50.69862588324276], ""type"": ""Point""}";50.69862588324276, 3.1566539249729546;50.69862588324276;3.1566539249729546
14;Les jardins Marceau Marie Buisine;Rue Marie Buisine;Familiaux;ville;Maison du jardin;"{""coordinates"": [3.1938923087141933, 50.690492700879766], ""type"": ""Point""}";50.690492700879766, 3.1938923087141933;50.690492700879766;3.1938923087141933
18;Les jardins Fontier;Rue de Denain;Familiaux;ville;Comité de quartier Moulin Potennerie;"{""coordinates"": [3.178030581032674, 50.68327981740213], ""type"": ""Point""}";50.68327981740213, 3.178030581032674;50.68327981740213;3.178030581032674
19;Les jardins Ferret;Rue de Bouvines;Familiaux;ville;Comité de quartier Moulin Potennerie;"{""coordinates"": [3.175737690376994, 50.68319563707224], ""type"": ""Point""}";50.68319563707224, 3.175737690376994;50.68319563707224;3.175737690376994
1;Les jardins du Luxembourg;Rue du Luxembourg;Familiaux;mel;Association Jardins du Luxembourg;"{""coordinates"": [3.1519216665385765, 50.6877197323979], ""type"": ""Point""}";50.6877197323979, 3.1519216665385765;50.6877197323979;3.1519216665385765
55;Jardin de tout le Monde;Rue de Lille_Foyer Papillons Blancs;Partagés;papillons blancs;Ajoncs;"{""coordinates"": [3.162852697361861, 50.68449434991973], ""type"": ""Point""}";50.68449434991973, 3.162852697361861;50.68449434991973;3.162852697361861
6;Les jardins de Rome;Rue de Rome;Familiaux;ville;Maison du jardin;"{""coordinates"": [3.158815444373721, 50.695729149252635], ""type"": ""Point""}";50.695729149252635, 3.158815444373721;50.695729149252635;3.158815444373721
56;Foyer Paul Constans;Place Chaptal;Partagés;arcadis;Arcadis;"{""coordinates"": [3.1916090003278366, 50.69489942508378], ""type"": ""Point""}";50.69489942508378, 3.1916090003278366;50.69489942508378;3.1916090003278366
11;Les jardins de Metz;Boulevard de Metz;Familiaux;ville;Comité de quartier Cul de Four;"{""coordinates"": [3.1838116974696646, 50.70238963804159], ""type"": ""Point""}";50.70238963804159, 3.1838116974696646;50.70238963804159;3.1838116974696646
62;Jardin de l ADEP;94 rue Léon Marlot;Partagés;ville;Ville;"{""coordinates"": [3.1918073459852434, 50.67399366499434], ""type"": ""Point""}";50.67399366499434, 3.1918073459852434;50.67399366499434;3.1918073459852434
12;Les jardins du bord du canal;Quai de Toulon et Quai de Rouen;Familiaux;ville;Association Jardiniers bords de canal;"{""coordinates"": [3.1882394007614634, 50.69769968861464], ""type"": ""Point""}";50.69769968861464, 3.1882394007614634;50.69769968861464;3.1882394007614634
2;Les jardins du Danemark;Rue du Danemark _ Cité st Louis;Familiaux;eveche;;"{""coordinates"": [3.152884968352393, 50.689462290401686], ""type"": ""Point""}";50.689462290401686, 3.152884968352393;50.689462290401686;3.152884968352393
13;Les jardins de la Conférence;Rue de la Conférence;Familiaux;vilogia;Jardin de chlorophylle;"{""coordinates"": [3.1933587209876864, 50.69600728804495], ""type"": ""Point""}";50.69600728804495, 3.1933587209876864;50.69600728804495;3.1933587209876864
66;Jardin Mouvaux;63 rue de Mouvaux;Familiaux;lmh;Astuce - Comité de quartier Fresnoy Mackellerie;"{""coordinates"": [3.156938499302017, 50.693651016176275], ""type"": ""Point""}";50.693651016176275, 3.156938499302017;50.693651016176275;3.156938499302017
15;Les jardins Monge;Rue Monge;Familiaux;ville;Maison du jardin;"{""coordinates"": [3.189060048042069, 50.689345005024386], ""type"": ""Point""}";50.689345005024386, 3.189060048042069;50.689345005024386;3.189060048042069
17;Les jardins populaires;Rue de Leers;Familiaux;eveche;Jardins populaires de Roubaix;"{""coordinates"": [3.21399752318463, 50.68746776794828], ""type"": ""Point""}";50.68746776794828, 3.21399752318463;50.68746776794828;3.21399752318463
52;Trois Ponts 2;Av du P. Kennedy;Familiaux;ville;Maison du jardin;"{""coordinates"": [3.203562301512345, 50.68532086793736], ""type"": ""Point""}";50.68532086793736, 3.203562301512345;50.68532086793736;3.203562301512345
53;Trois Ponts 1;Av du P. Kennedy;Familiaux;lmh;Maison du jardin;"{""coordinates"": [3.2037122470643538, 50.683592150144946], ""type"": ""Point""}";50.683592150144946, 3.2037122470643538;50.683592150144946;3.2037122470643538
16;Condé prolongée;Rue de Condé Prolongée;Familiaux;vilogia;Jardins loisirs;"{""coordinates"": [3.193715110910165, 50.686478046218966], ""type"": ""Point""}";50.686478046218966, 3.193715110910165;50.686478046218966;3.193715110910165
54;Jardin des Enfants;Rue de Leuze;Pédagogique;ville;Centre social Ste Elisabeth;"{""coordinates"": [3.1917185107686414, 50.687621452855815], ""type"": ""Point""}";50.687621452855815, 3.1917185107686414;50.687621452855815;3.1917185107686414
10;Les jardins de la Vigne;Rue de la Vigne;Partagés;ville;Comité de quartier Hommelet;"{""coordinates"": [3.18143854348828, 50.699728288017006], ""type"": ""Point""}";50.699728288017006, 3.18143854348828;50.699728288017006;3.18143854348828
64;Jardin de la Capucine;109 rue de Soubise;Pédagogique;ville;La Main Verte;"{""coordinates"": [3.167309626082405, 50.685760347905514], ""type"": ""Point""}";50.685760347905514, 3.167309626082405;50.685760347905514;3.167309626082405
65;Jardin Myosotis;80 rue Bernard Palissy;Partagés;particulier;Jardin de traverse;"{""coordinates"": [3.177989882957379, 50.674551528258355], ""type"": ""Point""}";50.674551528258355, 3.177989882957379;50.674551528258355;3.177989882957379
4;Les jardins du Vivier;Rue du Vivier;Familiaux;ville;Maison du jardin;"{""coordinates"": [3.1598916392041674, 50.69160592869598], ""type"": ""Point""}";50.69160592869598, 3.1598916392041674;50.69160592869598;3.1598916392041674
9;Les jardins des Recollets;Rue des Recollets;Familiaux;ville;Comité de quartier Cul de Four;"{""coordinates"": [3.178534380182949, 50.7019586281797], ""type"": ""Point""}";50.7019586281797, 3.178534380182949;50.7019586281797;3.178534380182949
21;Artois;Rue d'Artois;Familiaux;vilogia;;"{""coordinates"": [3.1858945557217004, 50.68116568357998], ""type"": ""Point""}";50.68116568357998, 3.1858945557217004;50.68116568357998;3.1858945557217004
22;Les jardins de Traverse;Rue du Parc;Partagés;ville;Ville - Jardin de traverse;"{""coordinates"": [3.1603750200529377, 50.69200290528117], ""type"": ""Point""}";50.69200290528117, 3.1603750200529377;50.69200290528117;3.1603750200529377
57;Jardin de Chlorophylle;315 Grande Rue;Pédagogique;ville;ARI - Angle 349;"{""coordinates"": [3.1927861902948003, 50.69563533594851], ""type"": ""Point""}";50.69563533594851, 3.1927861902948003;50.69563533594851;3.1927861902948003
