﻿Identifiant;Nom d'usage;Quartier ou commune associée;Hiérarchie;Type;Sous-Type;Ouvert au public;Etat d'ouverture;Horaire d'ouverture estivale;Horaire d'ouverture hivernale;Aire de Jeux pour enfants;Nom (liste);Adresse ou Voie;Surface en m²;Description;Accès en métro à 500m;Autres accès;Année d'ouverture;X (L93);Y (L93);Longitude;Latitude;coord_geo
5.0;Parc des Dondaines;Fives;1.0;Espace vert public;Parc;Oui;Permanente;;;Non;Dondaines (Parc des);16 Rue Eugène Jacquet;45759.6606445312;;"Caulier, Ligne 1 ; Gare Lille Europe, Ligne 2";;;705643.2762;7059964.5414;3.079635;50.636618;50.636618, 3.079635
16.0;Cimetière d'Hellemmes;Hellemmes;1.0;Cimetière;Cimetière;Oui;Restreinte;Avril à Octobre : 9h00 à 17h45;Novembre à Mars : 9h00 à 16h45;Non;Hellemmes (Cimetière d');Rue Roger Salengro;47179.3505859375;;;;;708461.9466;7058864.541;3.119386;50.626714;50.626714, 3.119386
26.0;Parc Germaine Tillion;Lille-Centre;2.0;Espace vert public;Square;Oui;Restreinte;Avril à Septembre : 8h00 à 20h15;Octobre à Mars : 8h00 à 19h00;Oui;Germaine Tillion (Parc);32 Rue de Tournai;4215.4921875;;Gare Lille Flandres, Ligne 1, Ligne 2;;;705107.4522;7059729.6654;3.07207;50.634515;50.634515, 3.07207
31.0;Square des Mères;Fives;2.0;Espace vert public;Square;Oui;Restreinte;Avril à Septembre : 7h00 à 21h30;Octobre à Mars : 7h00 à 20h30;Oui;Mères (Square des);91 Rue de Lannoy;9420.39501953125;;Fives, Ligne 1;;;706778.634;7059760.2048;3.095653;50.634773;50.634773, 3.095653
33.0;Square Coustou;Fives;2.0;Espace vert public;Square;Oui;Restreinte;Avril à Septembre : 8h00 à 20h30;Octobre à Mars : 8h30 à 20h00;Oui;Coustou (Square);Rue Coustou;2726.419921875;;Marbrerie, Ligne 1;;;706987.2894;7059440.6976;3.098591;50.631903;50.631903, 3.098591
41.0;Square des Enfants;Lille-Moulins;2.0;Espace vert public;Square;Oui;Permanente;;;Oui;Enfants (Square des);Rue Jean Zay;1437.32763671875;;"Porte de Valenciennes, Ligne 2 ; Porte de Douai, Ligne 2";;;705446.598;7057880.1504;3.076831;50.617914;50.617914, 3.076831
45.0;Square Irène Joliot-Curie;Saint-Maurice Pellevoisin;2.0;Espace vert public;Square;Oui;Permanente;;;Oui;Laplace (Square);Rue Laplace;1986.19287109375;;;;;706591.65;7061210.3538;3.093038;50.647789;50.647789, 3.093038
46.0;Parc Barberousse;Saint-Maurice Pellevoisin;2.0;Espace vert public;Parc;Oui;Restreinte;Avril à Septembre : 8h30 à 19h00;Octobre à Mars : 8h30 à 18h00;Oui;Barberousse (Parc);74 Rue Saint-Gabriel;12038.951171875;;"Saint Maurice Pellevoisin, Ligne 2 ; Caulier, Ligne 1";;;706206.2214;7060478.7552;3.087587;50.641227;50.641227, 3.087587
48.0;Square du Manège;Saint-Maurice Pellevoisin;2.0;Espace vert public;Square;Oui;Permanente;;;Oui;Manège (Square du);3 Rue du Chateau;685.79296875;;"Caulier, Ligne 1 ; Gare Lille Europe, Ligne 2";;;705729.3438;7060134.2868;3.080852;50.638141;50.638141, 3.080852
50.0;Couvent des Dominicains;Saint-Maurice Pellevoisin;2.0;Espace vert public;Parc;Oui;Restreinte;mercredi, samedi, dimanche et jours fériés l'après-midi;mercredi et samedi après midi, dimanche et jours fériés;Non;Dominicains (Couvent des);3 bis Avenue Salomon;14988.822265625;;;;;705861.2994;7061333.913;3.082731;50.648905;50.648905, 3.082731
54.0;Square Daubenton;Vauban-Esquermes;2.0;Espace vert public;Square;Oui;Permanente;;;Non;Daubenton (Square);Square Daubenton;2668.76171875;;;;;703665.4818;7060101.8364;3.051726;50.637865;50.637865, 3.051726
75.0;Square de Flandre;Hellemmes;2.0;Espace vert public;Square;Oui;Permanente;;;Oui;Flandre (Square de);Allée de Verdun;10983.720703125;;Lezennes, Ligne 1;;;708470.91;7058556.9468;3.119506;50.623954;50.623954, 3.119506
83.0;Square Dompsin;Lomme;2.0;Espace vert public;Square;Oui;Permanente;;;Non;Dompsin (Square);Place Edmond Dompsin;3367.99462890625;;;;;699294.0438;7060545.4704;2.990037;50.641856;50.641856, 2.990037
84.0;Square Madringhem;Lomme;2.0;Espace vert public;Square;Oui;Permanente;;;Oui;Madringhem (Square);Place Karl Marx;1140.34912109375;;Bourg, Ligne 2;;;698545.7658;7061135.3562;2.979474;50.647149;50.647149, 2.979474
89.0;Place Vanhoenacker;Lille-Moulins;2.0;Espace vert public;Place;Oui;Permanente;;;Non;Vanhoenacker (Place);Place Vanhoenacker;2823.296875;;Porte d'Arras, Ligne 2;;;704559.1032;7058085.8556;3.064314;50.619767;50.619767, 3.064314
93.0;Square des Forgerons;Hellemmes;2.0;Espace vert public;Square;Oui;Permanente;;;Oui;Forgerons (Square des);55 bis Rue des Forgerons;2013.5205078125;;"Hellemmes, Ligne 1 ; Marbrerie, Ligne 1";;;707258.0082;7058923.5408;3.102402;50.627259;50.627259, 3.102402
101.0;Place Catinat;Vauban-Esquermes;2.0;Espace vert public;Place;Oui;Permanente;Avril à septembre : 8h45 à 19h;;Oui;Catinat (Place);Place Catinat;1243.42919921875;;;;;702890.4276;7059618.945;3.040785;50.633535;50.633535, 3.040785
102.0;Jardin Jean-Baptiste Lelong;Fives;2.0;Espace vert public;Jardin public;Oui;Restreinte;Avril à Septembre : 9h00 à 21h00;Octobre à Mars : 9h00 à 17h00;Oui;Jean-Baptiste Lelong (Jardin);Rue du Jambon;4804.546875;;Fives, Ligne 1;;2014;706098.4332;7059413.013;3.086049;50.631664;50.631664, 3.086049
110.0;Square de la Briqueterie;Lille-Sud;2.0;Espace vert public;Square;Oui;Permanente;;;Oui;Briqueterie (Square de la);Chemin des Broutteux;535.22607421875;;;;2015;703730.4954;7056405.3798;3.052609;50.604691;50.604691, 3.052609
116.0;Jardin Broca;Fives;2.0;Espace vert public;Jardin public;Oui;Permanente;;;Oui;Broca (Jardin);12 Rue Broca;842.58740234375;;;;2018;706434.6192;7058644.7664;3.09078;50.624766;50.624766, 3.09078
123.0;Square Hedy Lamarr;Bois-Blancs;2.0;Espace vert public;Square;Oui;Permanente;;;Non;Hedy Lamarr (Square);;766.52099609375;;;;2019;701776.464;7059418.5726;3.025066;50.631741;50.631741, 3.025066
124.0;Place Déliot;Lille-Moulins;2.0;Espace vert public;Place;Oui;Permanente;;;Oui;Déliot (Place);Place Déliot;1408.47607421875;;"Porte d'Arras, Ligne 2 ; Porte de Douai, Ligne 2";;;704789.43;7058051.5902;3.067562;50.619458;50.619458, 3.067562
128.0;Square des Tisserands;Hellemmes;2.0;Espace vert public;Square;Oui;Permanente;;;Oui;Tisserands (Square des);Place des Tisserands;5844.06982421875;;;;;708300.519;7059500.3214;3.117122;50.632422;50.632422, 3.117122
129.0;Square De Gaulle;Hellemmes;2.0;Espace vert public;Square;Oui;Permanente;;;Non;De Gaulle (Square);Place de la République;2448.1123046875;;"Hellemmes, Ligne 1 ; Lezennes, Ligne 1";;;708161.6142;7058914.464;3.11515;50.627166;50.627166, 3.11515
138.0;Jardins du Chai;Lille-Moulins;3.0;Jardin d'Habitants;Jardins familiaux;Non;Restreinte;;;Non;Chai (Jardins du);Rue du Faubourg d'Arras;3409.6103515625;;Porte d'Arras, Ligne 2;;;704244.2484;7057706.6676;3.059868;50.616366;50.616366, 3.059868
142.0;Jardins du Bois de Boulogne;Vauban-Esquermes;3.0;Jardin d'Habitants;Jardins familiaux;Non;Restreinte;;;Non;Bois de Boulogne (Jardins du);Allée du Train de Loos;4406.47021484375;;;;;702934.3368;7060898.3352;3.041415;50.645017;50.645017, 3.041415
144.0;Jardin des Drôles d'Waz'eaux;Wazemmes;3.0;Jardin d'Habitants;Jardin communautaire;Oui;Restreinte;Sous réserve de disponibilité d'habitants, les mercredi et samedi après-midi;;Non;Drôles d'Waz'eaux (Jardin des);Rue de l'Hopital Saint-Roch;1024.5;;Wazemmes, Ligne 1;;;703490.7516;7058636.9376;3.049248;50.624719;50.624719, 3.049248
156.0;Espace résidentiel Concorde;Faubourg de Béthune;2.0;Espace vert public;Pelouse;Oui;Permanente;;;Oui;Concorde (Espace résidentiel);Boulevard de Metz;69886.5678710938;;"Porte des Postes, Ligne 1, Ligne 2 ; Montébello, Ligne 2";;;702885.8322;7057978.2942;3.040709;50.618812;50.618812, 3.040709
163.0;Parc du Grand Sud;Lille-Sud;1.0;Espace vert public;Parc;Oui;Permanente;;;Oui;Grand Sud (Parc du);Rue de l'Asie;42698.2495117188;;;;2015;703926.273;7057007.4624;3.055376;50.610093;50.610093, 3.055376
168.0;La Poterne;Vieux-Lille;1.0;Espace vert public;Jardin public;Oui;Permanente;;;Non;La Poterne;Rue du Guet;76585.3618164062;;;;;704109.2292;7061412.7572;3.058002;50.649626;50.649626, 3.058002
172.0;Square du Palais Rameau;Lille-Centre;2.0;Espace vert public;Square;Oui;Permanente;;;Non;Palais Rameau (Square du);23 bis Rue de Solférino;6112.423828125;;;;;703495.9164;7059706.8444;3.04933;50.634321;50.634321, 3.04933
179.0;Jardins Barbusse;Faubourg de Béthune;3.0;Jardin d'Habitants;Jardin partagé;Oui;Restreinte;;;Non;Barbusse (Jardins);Rue Henri Barbusse;743.69775390625;;;;;702092.0016;7058307.9522;3.029512;50.621773;50.621773, 3.029512
183.0;L'îlot 26;Lomme;3.0;Jardin d'Habitants;Jardin partagé;Non;Restreinte;;;Non;L'îlot 26;Allée de la Tortue;3619.28564453125;;;;;701300.4126;7059364.104;3.018349;50.631254;50.631254, 3.018349
185.0;Terrain Baudin;Lille-Sud;2.0;Espace vert public;Pelouse;Oui;Permanente;;;Non;Baudin (Terrain);Rue Baudin;1335.50048828125;;;;;703525.2354;7057454.817;3.049724;50.61411;50.61411, 3.049724
192.0;Jardin Philippe l'Houblon;Lille-Centre;3.0;Jardin d'Habitants;Jardin partagé;Oui;Permanente;;;Non;Phlippe l'Houblon (Jardin);Place Phlippe Le Bon;1425.59033203125;;;;;704356.1346;7058990.526;3.06146;50.627887;50.627887, 3.06146
194.0;Lazare Garden;Lille-Sud;3.0;Jardin d'Habitants;Jardin partagé;Oui;Restreinte;;;Non;Lazare Garden;Rue Lazare Garreau;370.95654296875;;;;;703933.6896;7057251.4758;3.055483;50.612283;50.612283, 3.055483
195.0;Place des Poètes;Wazemmes;2.0;Espace vert public;Place;Oui;Permanente;;;Non;Poètes (Place des);Place des Poètes;1476.67822265625;;;;;703686.1584;7058554.215;3.052004;50.623976;50.623976, 3.052004
196.0;Jardin de poche Darche;Bois-Blancs;2.0;Espace vert public;Jardin de poche;Oui;Permanente;;;Non;Darche (Jardin de poche);Impasse Darche;72.29052734375;;;;;701547.4098;7059107.2452;3.021833;50.628948;50.628948, 3.021833
198.0;Jardin de poche Pranard;Lille-Sud;2.0;Espace vert public;Jardin de poche;Oui;Permanente;;;Non;Pranard (Jardin de poche);Rue Charles Pranard;296.93408203125;;;;;704981.9298;7056858.6498;3.070263;50.60875;50.60875, 3.070263
201.0;Place du Carnaval;Lille-Moulins;2.0;Espace vert public;Place;Oui;Permanente;;;Non;Carnaval (Place du);Place du Carnaval;2368.5693359375;;;;;704606.6994;7058312.58;3.064988;50.621801;50.621801, 3.064988
206.0;Jardin du Coin du Monde;Fives;2.0;Espace vert public;Jardin de poche;Oui;Permanente;;;Oui;Coin du Monde (Jardin du);82 Rue de Pologne;281.2236328125;;;;;707148.0744;7059396.5166;3.100859;50.631505;50.631505, 3.100859
64.0;Jardin de la Porte d'Ypres;Vieux-Lille;2.0;Espace vert public;Jardin public;Oui;Permanente;;;Oui;Porte d'Ypres (Jardin de la);Rue de la Porte d'Ypres;13469.7578125;;;;;703689.4224;7061222.8344;3.052075;50.647925;50.647925, 3.052075
4.0;Colline Concorde;Faubourg de Béthune;2.0;Espace vert public;Pelouse;Oui;Permanente;;;Non;Concorde (Colline);Rue Léon Blum;53493.2578125;;Porte des Postes, Ligne 1, Ligne 2;;;702797.6898;7057881.3384;3.039465;50.617942;50.617942, 3.039465
210.0;Place des Archives;Vieux-Lille;2.0;Espace vert public;Place;Oui;Permanente;;;Non;Archives (Place des);Place des Archives;953.220703125;;;;;704246.6616;7060708.1388;3.059934;50.643302;50.643302, 3.059934
9.0;Parc Bocquet;Hellemmes;1.0;Espace vert public;Parc;Oui;Permanente;;;Oui;Bocquet (Parc);Parc Bocquet;15794.5512695312;;Hellemmes, Ligne 1;;;707656.2576;7058693.1006;3.108016;50.625186;50.625186, 3.108016
10.0;Parc François Mitterrand;Hellemmes;1.0;Espace vert public;Parc;Oui;Restreinte;Du lundi au vendredi : 8h30 à 12h et 13h30 à 17h (fermé le samedi après-midi et le dimanche);Du lundi au vendredi : 8h30 à 12h et 13h30 à 17h (fermé le samedi après-midi et le dimanche);Non;François Mitterrand (Parc);155 Rue Roger Salengro;17673.2099609375;;Hellemmes, Ligne 1;;;707743.0554;7059026.1096;3.109247;50.628174;50.628174, 3.109247
12.0;Cimetière du Marais;Lomme;1.0;Cimetière;Cimetière;Oui;Restreinte;Avril à Octobre : 8h15 à 18h30;Novembre à Mars : 8h15 à 17h30;Non;Marais (Cimetière du);Rue de l'Egalité;22390.21484375;;;;;699945.5388;7059318.3858;2.999232;50.630845;50.630845, 2.999232
13.0;Cimetière de Mont-à-Camp;Lomme;1.0;Cimetière;Cimetière;Oui;Restreinte;Avril à Octobre : 8h15 à 18h30;Novembre à Mars : 8h15 à 17h30;Non;Mont-à-Camp (Cimetière de);Avenue de Mont-à-Camp;15840.74609375;;;;;700554.5988;7060332.1632;3.007827;50.639942;50.639942, 3.007827
25.0;Square du Réduit;Lille-Centre;2.0;Espace vert public;Square;Oui;Permanente;;;Non;Réduit (Square du);20 Rue du Réduit;2943.67138671875;;"Mairie de Lille, Ligne 2 ; Lille Grand Palais, Ligne 2";;;705057.7056;7059207.8712;3.071362;50.629832;50.629832, 3.071362
36.0;Square Albert Thomas;Lille-Sud;2.0;Espace vert public;Square;Oui;Permanente;;;Oui;Albert Thomas (Square);Place Albert Thomas;1206.5771484375;;;;;703998.3774;7056485.4834;3.056388;50.605408;50.605408, 3.056388
43.0;Square de la Porte d'Arras;Lille-Moulins;2.0;Espace vert public;Square;Oui;Permanente;;;Non;Porte d'Arras (Square de la);Rue de Jussieu;6472.2314453125;;Porte d'Arras, Ligne 2;;;704420.7942;7057787.679;3.062359;50.617092;50.617092, 3.062359
44.0;Square Copenhague;Saint-Maurice Pellevoisin;2.0;Espace vert public;Square;Oui;Restreinte;Avril à Septembre : 7h30 à 20h00;Octobre à Mars : 7h30 à 18h30;Non;Copenhague (Square);40 Rue du Faubourg de Roubaix;4253.3876953125;;Gare Lille Europe, Ligne 2;;;705568.9092;7060256.7114;3.078589;50.639241;50.639241, 3.078589
47.0;Parc des Buissonnets;Saint-Maurice Pellevoisin;2.0;Espace vert public;Parc;Oui;Restreinte;Avril à Septembre : 8h00 à 19h30;Octobre à Mars : 8h00 à 18h00;Oui;Buissonnets (Parc des);26 Rue Gassendi;11679.5249023438;;Saint Maurice Pellevoisin, Ligne 2;;;706329.4404;7061113.1178;3.089336;50.646919;50.646919, 3.089336
56.0;Square du Portugal;Vauban-Esquermes;2.0;Espace vert public;Square;Oui;Permanente;;;Oui;Portugal (Square du);Square du Portugal;1725.3232421875;;;;;702204.327;7058500.1028;3.031098;50.623497;50.623497, 3.031098
61.0;Jardin de l'Abbaye de Loos;Vieux-Lille;2.0;Espace vert public;Jardin public;Oui;Permanente;Avril à Septembre : 8h45 à 20h00;;Oui;Abbaye de Loos (Jardin de l');Rue des Trois Molettes;2874.69775390625;;;;;704280.3288;7060333.7514;3.060405;50.639942;50.639942, 3.060405
66.0;Square Henri Ghesquière;Wazemmes;2.0;Espace vert public;Square;Oui;Permanente;;;Oui;Henri Ghesquière (Square);Square Henri Ghesquière;7543.73095703125;;Wazemmes, Ligne 1;;;703621.4592;7058557.5144;3.051091;50.624006;50.624006, 3.051091
69.0;Jardin Littré;Wazemmes;2.0;Espace vert public;Jardin public;Oui;Permanente;;;Oui;Littré (Jardin);92 Rue des Postes;350.81982421875;;"Gambetta, Ligne 1 ; Wazemmes, Ligne 1";;;703960.368;7058752.7814;3.055874;50.625756;50.625756, 3.055874
85.0;Square Mattéoti;Lomme;2.0;Espace vert public;Square;Oui;Permanente;;;Non;Matteoti (Square);48 Rue Mattéotti;442.43994140625;;Bourg, Ligne 2;;;698949.9156;7060755.0336;2.98518;50.643737;50.643737, 2.98518
92.0;Square du Palais de Justice;Vieux-Lille;2.0;Espace vert public;Square;Oui;Permanente;;;Non;Palais de Justice (Square du);Avenue du Peuple Belge;4725.10302734375;;;;;704571.1302;7060509.6168;3.064511;50.641518;50.641518, 3.064511
95.0;Square Bardou;Lille-Sud;2.0;Espace vert public;Square;Oui;Restreinte;Avril à Septembre : 8h à 20h30;Octobre à Mars : 8h15 à 19h00;Oui;Bardou (Square);2 Rue Paul Bardou;5720.9775390625;;;;;704054.6544;7056698.1102;3.057183;50.607316;50.607316, 3.057183
99.0;Square Angellier;Lille-Centre;2.0;Espace vert public;Square;Oui;Permanente;;;Non;Angellier (Square);15 Rue Jeanne d'Arc;518.4921875;;;;;704606.6436;7059000.4674;3.064995;50.627975;50.627975, 3.064995
100.0;Jardin des Géants;Saint-Maurice Pellevoisin;1.0;Espace vert public;Parc;Oui;Restreinte;Avril à Septembre : 9h00 à la tombée de la nuit;Octobre à Mars : 9h00 à la tombée de la nuit;Non;Géants (Jardin des);Rue de la Communauté;19289.5849609375;;Gare Lille Europe, Ligne 2;;;705338.583;7060615.8162;3.075344;50.642465;50.642465, 3.075344
103.0;Parc Omer Lammelein;Lomme;2.0;Espace vert public;Parc;Oui;Restreinte;Avril à Septembre : 9h00 à 20h00;Octobre à Mars : 9h00 à 18h00;Non;Omer Lammelein (Parc);Rue Omer Lammelein;3952.5517578125;;;;;698826.0156;7060229.8212;2.983433;50.639023;50.639023, 2.983433
105.0;Jardin public du Monument aux Morts;Lomme;2.0;Espace vert public;Jardin public;Oui;Permanente;;;Oui;Monument aux Morts (Jardin public du);425 Avenue de Dunkerque;16193.6313476562;;"Lomme Lambersart, Ligne 2 ; Pont Supérieur, Ligne 2";;;701045.5464;7060629.7722;3.014756;50.642613;50.642613, 3.014756
109.0;Square de l'Epi de Soil;Lille-Sud;2.0;Espace vert public;Square;Oui;Permanente;;;Non;Epi de Soil (Square de l');Rue Madeleine Brès;497.1767578125;;;;2015;703511.8554;7056402.3162;3.049526;50.604665;50.604665, 3.049526
112.0;Promenade Gide-Vallès;Lille-Sud;2.0;Espace vert public;Jardin public;Oui;Permanente;;;Oui;Gide-Vallès (Promenade);Rue André Gide;21598.88671875;;;;2015;703258.1556;7056342.1818;3.045947;50.604126;50.604126, 3.045947
115.0;Jardin des Tritons;Saint-Maurice Pellevoisin;2.0;Espace vert public;Jardin public;Oui;Permanente;;;Non;Tritons (Jardin des);Allée Reysa Bernson;2267.72998046875;;Euralille, Ligne 2;;2020;705667.734;7060467.1824;3.079987;50.641129;50.641129, 3.079987
118.0;Porte de Dunkerque - Esplanade;Vauban-Esquermes;2.0;Espace vert public;Pelouse;Oui;Restreinte;Avril à Septembre : 9h00 à 21h00;Octobre à Mars : 9h00 à 17h00;Non;Porte de Dunkerque - Esplanade;Avenue Léon Jouhaux;3553.685546875;;;;;703018.866;7059953.316;3.0426;50.636535;50.636535, 3.0426
121.0;Square Ada Lovelace;Bois-Blancs;2.0;Espace vert public;Square;Oui;Permanente;;;Non;Ada Lovelace (Square);Allée Coignet;1436.52392578125;;;;2019;701655.6276;7059317.1378;3.023361;50.630831;50.630831, 3.023361
122.0;Square Katherine Johnson;Bois-Blancs;2.0;Espace vert public;Square;Oui;Permanente;;;Non;Katherine Johnson (Square);Allée Coignet;1380.64404296875;;;;2019;701711.451;7059367.6284;3.024148;50.631284;50.631284, 3.024148
127.0;Parc de la Pléïade;Lomme;2.0;Espace vert public;Jardin public;Oui;Restreinte;Avril à Septembre : 9h00 à 20h00;Octobre à Mars : 9h00 à 18h00;Oui;Pléïade (Parc de la);27 Rue de la Pléiade;5919.87890625;;;;;698349.1374;7060643.6148;2.976701;50.642735;50.642735, 2.976701
130.0;Parc Leroy;Hellemmes;2.0;Espace vert public;Parc;Oui;Permanente;;;Oui;Leroy (Parc);160 Rue Jacquard;15845.4926757812;;;;;707780.3616;7059738.4212;3.109787;50.634566;50.634566, 3.109787
132.0;Square d'Armentières;Vauban-Esquermes;2.0;Espace vert public;Square;Oui;Permanente;;;Oui;Armentières (Square d');Rue d'Armentières;3538.513671875;;;;;703138.0308;7059897.4782;3.044281;50.636034;50.636034, 3.044281
136.0;Jardin des Maguettes;Fives;3.0;Jardin d'Habitants;Jardin communautaire;Oui;Restreinte;permanences sur le jardin :  mercredi à partir de 15h, samedi à partir de 15h;;Non;Maguettes (Jardin des);Rue des Dondaines;483.7431640625;;Caulier, Ligne 1;;;705999.8352;7059826.239;3.084664;50.635373;50.635373, 3.084664
143.0;Jardins de la Poterne;Vieux-Lille;3.0;Jardin d'Habitants;Jardins familiaux;Non;Restreinte;;;Non;Poterne (Jardins de la);Avenue Winston Churchil;17978.701171875;;;;;704050.4562;7061473.6974;3.057173;50.650174;50.650174, 3.057173
148.0;Jardins de la Mitterie;Lomme;3.0;Jardin d'Habitants;Jardins familiaux;Oui;Restreinte;;;Non;Mitterie (Jardins de la);Rue de Lompret;21197.2666015625;;;;;699410.3412;7061997.7758;2.991676;50.65489;50.65489, 2.991676
149.0;Jardin des Cultures;Lille-Sud;3.0;Jardin d'Habitants;Jardins familiaux;Non;Restreinte;;;Non;Cultures (Jardin des);Rue de l'Epi de Soil;4920.8896484375;;;;2015;703473.3918;7056186.6264;3.048981;50.602729;50.602729, 3.048981
159.0;Parc de l'Epine;Hellemmes;2.0;Espace vert public;Parc;Oui;Permanente;;;Oui;Epine (Parc de l');Boulevard de l'Epine;3136.99462890625;;;;;707562.6102;7058126.25;3.106684;50.6201;50.6201, 3.106684
161.0;Square de la Garonne;Lille-Sud;2.0;Espace vert public;Square;Oui;Permanente;;;Oui;Garonne (Square de la);Rue de l'Ancolie;1374.77197265625;;;;;704194.899;7057311.5628;3.059168;50.612821;50.612821, 3.059168
169.0;Square Carnot;Vieux-Lille;2.0;Espace vert public;Square;Oui;Permanente;;;Non;Carnot (Square);Rue des Arts, Boulevard Carnot;3556.4384765625;;;;;704656.9002;7060285.071;3.065719;50.639503;50.639503, 3.065719
180.0;Jardins de la Collose;Faubourg de Béthune;3.0;Jardin d'Habitants;Jardins familiaux;Non;Restreinte;;;Non;Collose (Jardins de la);Chemin de la Collose;852.75341796875;;;;;702189.0402;7057802.8872;3.030879;50.61724;50.61724, 3.030879
182.0;Jardin des Papillons;Bois-Blancs;3.0;Jardin d'Habitants;Jardin partagé;Non;Restreinte;;;Non;Papillons (Jardin des);Rue Coli (derrière l'école de musique);757.94921875;;;;;701941.5228;7059025.68;3.027393;50.628215;50.628215, 3.027393
186.0;Jardin du Sud;Lille-Sud;3.0;Jardin d'Habitants;Jardin partagé;Non;Restreinte;;;Non;Sud (Jardin du);Rue Baudin;1230.71435546875;;;;;703520.6508;7057469.7348;3.049659;50.614244;50.614244, 3.049659
187.0;Jardin des Passereaux;Bois-Blancs;3.0;Jardin d'Habitants;Jardin partagé;Non;Restreinte;;;Non;Darche (Jardin de poche);208 Rue des Bois-Blancs;363.31884765625;;;;;701837.8968;7059411.6048;3.025933;50.631679;50.631679, 3.025933
199.0;Jardin de poche Jacquet;Saint-Maurice Pellevoisin;2.0;Espace vert public;Jardin de poche;Non;Restreinte;;;Non;Jacquet ( Jardin de poche);Rue Eugène Jacquet;115.09521484375;;;;;706116.84;7060058.2998;3.086319;50.637455;50.637455, 3.086319
200.0;Jardin de poche Chapelle d'Elocques;Fives;2.0;Espace vert public;Jardin de poche;Oui;Permanente;;;Non;Chapelle d'Elocques (Jardin de poche);186 Rue de Lannoy;79.6943359375;;;;;707274.6498;7059700.0902;3.102651;50.634228;50.634228, 3.102651
202.0;Place Désiré Bouchée;Saint-Maurice Pellevoisin;2.0;Espace vert public;Place;Oui;Permanente;;;Non;Désiré Bouchée (Place);Place Désiré Bouchée;378.9404296875;;;;;705772.6248;7060388.7396;3.081466;50.640424;50.640424, 3.081466
205.0;Place Arago;Lille-Moulins;2.0;Espace vert public;Place;Oui;Permanente;;;Non;Arago (Place);Place Arago;1000.09716796875;;;;;704321.8248;7058131.2246;3.060967;50.620176;50.620176, 3.060967
207.0;Square de la Noble Tour;Lille-Centre;2.0;Espace vert public;Square;Oui;Permanente;;;Non;Noble Tour (Square de la);Rue Georges Lefebvre;1521.44189453125;;Lille Grand Palais, Ligne 2;;;705262.8696;7059320.8152;3.074258;50.630844;50.630844, 3.074258
154.0;Parc Henri Barbusse;Faubourg de Béthune;2.0;Espace vert public;Parc;Oui;Permanente;;;Oui;Henri Barbusse (Parc);Rue Henri Barbusse;23953.1108398438;;;;;702144.7998;7058289.285;3.030257;50.621606;50.621606, 3.030257
6.0;Jardin des Plantes;Lille-Moulins;1.0;Espace vert public;Jardin botanique;Oui;Restreinte;Avril à Septembre : 8h00 à 21h00;Octobre à Mars : 8h00 à 18h30;Oui;Plantes (Jardin des);241 Rue du Jardin des Plantes;102488.658203125;;"Porte d'Arras, Ligne 2 ; Porte de Douai, Ligne 2";;;704778.1974;7057540.7874;3.067398;50.614874;50.614874, 3.067398
7.0;Jardin Vauban;Vauban-Esquermes;1.0;Espace vert public;Parc;Oui;Permanente;;;Non;Vauban (Jardin);Quai de la Citadelle;40316.9165039062;;;;;703436.7438;7059973.0578;3.048497;50.63671;50.63671, 3.048497
8.0;Plaine Winston Churchill;Vieux-Lille;1.0;Espace vert public;Pelouse;Oui;Permanente;;;Oui;Winston Churchill (Plaine);Rue Paul Ramadier;90835.9633789062;;;;;704719.4334;7061266.29;3.066613;50.648308;50.648308, 3.066613
21.0;Square Augustin Laurent;Lille-Centre;2.0;Espace vert public;Square;Oui;Permanente;;;Oui;Augustin Laurent (Square);Place Augustin Laurent;6249.0546875;;Mairie de Lille, Ligne 2;;;705008.925;7059410.0388;3.070676;50.631647;50.631647, 3.070676
22.0;Square de la Bobine;Lille-Centre;2.0;Espace vert public;Square;Oui;Permanente;;;Oui;Bobine (Square de la);2-8 Rue Eugène Varlin;1064.6396484375;;Lille Grand Palais, Ligne 2;;;705363.0894;7059286.683;3.075672;50.630537;50.630537, 3.075672
27.0;Square Richebé;Lille-Centre;2.0;Espace vert public;Square;Oui;Permanente;;;Non;Richebé (Square);Place Richebé;1105.07275390625;;République - Beaux Arts, Ligne 1;;;704396.5968;7059459.714;3.062037;50.632098;50.632098, 3.062037
29.0;Jardin des Coccinelles;Faubourg de Béthune;2.0;Espace vert public;Jardin public;Oui;Permanente;;;Oui;Coccinelles (Jardin des);1 Rue Chevalier de l'Espinard;20916.4091796875;;CHR Oscar Lambret, Ligne 1;;;702325.6992;7057531.7922;3.032805;50.614807;50.614807, 3.032805
35.0;Square Alexandre Dumas;Fives;2.0;Espace vert public;Square;Oui;Permanente;;;Oui;Alexandre Dumas (Square);Place Alexandre Dumas;916.00732421875;;Mons Sarts, Ligne 2;;;706674.1362;7060403.6436;3.094189;50.640548;50.640548, 3.094189
52.0;Square de l'Arbonnoise;Vauban-Esquermes;2.0;Espace vert public;Square;Oui;Permanente;;;Oui;Arbonnoise (Square de l');Place de l'Arbonnoise;3209.14599609375;;Cormontaigne, Ligne 2;;;702791.376;7058620.2582;3.039381;50.624573;50.624573, 3.039381
53.0;Square Fulton;Vauban-Esquermes;2.0;Espace vert public;Square;Oui;Restreinte;Avril à Septembre : 8h45 à 20h00;Octobre à Mars : 8h45 à 20h00;Oui;Fulton (Square);Rue Fulton;1974.0146484375;;Cormontaigne, Ligne 2;;;702705.0318;7058428.9626;3.038161;50.622857;50.622857, 3.038161
57.0;Jardin botanique Nicolas Boulay;Vauban-Esquermes;2.0;Espace vert public;Jardin botanique;Oui;Restreinte;Avril à Septembre : 7h30 à 20h00;Octobre à Mars : 7h30 à 20h00;Non;Nicolas Boulay (Jardin botanique);56 Rue du Port;5194.4453125;;;;;703165.2312;7059535.551;3.044662;50.632786;50.632786, 3.044662
60.0;Jardin de la Treille;Vieux-Lille;2.0;Espace vert public;Jardin public;Oui;Permanente;;;Non;Treille (Jardin de la);Rue du Cirque;6926.2958984375;;Rihour, Ligne 1;;;704464.1364;7060343.3958;3.063;50.640027;50.640027, 3.063
68.0;Square Jules Guesde;Wazemmes;2.0;Espace vert public;Square;Oui;Permanente;;;Oui;Jules Guesde (Square);Rue Magenta;2430.61865234375;;Wazemmes, Ligne 1;;;703598.1996;7058340.009;3.050761;50.622054;50.622054, 3.050761
76.0;Plaine des Métallurgistes;Hellemmes;2.0;Espace vert public;Parc;Oui;Permanente;;;Oui;Métallurgistes (Plaine des);Rue Denis Papin;14847.5791015625;;Marbrerie, Ligne 1;;;706972.5396;7058851.0386;3.098373;50.626612;50.626612, 3.098373
78.0;Jardin public Voltaire-Sevigné;Lomme;2.0;Espace vert public;Jardin public;Oui;Permanente;;;Non;Voltaire-Sevigné (Jardin public);Chemin du Ballot;6851.83056640625;;;;;700275.9378;7059618.7182;3.003894;50.63354;50.63354, 3.003894
79.0;Parc de l'Hôtel de Ville;Lomme;2.0;Espace vert public;Parc;Oui;Permanente;;;Oui;Hotel de Ville (Parc de l');Avenue de la République;23966.4301757812;;Lomme Lambersart, Ligne 2;;;700748.5044;7060109.8926;3.010563;50.637947;50.637947, 3.010563
82.0;Square Demory;Lomme;2.0;Espace vert public;Square;Oui;Permanente;;;Oui;Demory (Square);Place Demory;2047.1611328125;;;;;699128.9574;7060169.6868;2.987708;50.638484;50.638484, 2.987708
88.0;Terrain Martinet;Faubourg de Béthune;2.0;Espace vert public;Pelouse;Oui;Permanente;;;Non;Martinet (Terrain);Rue de Norvège;14285.2568359375;;CHR Oscar Lambret, Ligne 1;;;702241.9962;7057571.0814;3.031624;50.61516;50.61516, 3.031624
97.0;Jardin Philippe de Comines;Lille-Moulins;2.0;Espace vert public;Jardin public;Oui;Permanente;Avril à septembre : 9h15 à 20h45;;Oui;Philippe de Comines (Jardin);Rue de Fontenoy;3738.89013671875;;Porte de Douai, Ligne 2;;;704854.3296;7058193.417;3.06848;50.62073;50.62073, 3.06848
98.0;Square Seine-Loire-Garonne;Lille-Sud;2.0;Espace vert public;Square;Oui;Restreinte;Avril à Septembre : 6h00 à 20h00;Octobre à Mars : 6h00 à 20h00;Oui;Seine-Loire-Garonne (Square);Rue de la Seine;3472.99267578125;;;;;704184.9078;7057359.4764;3.059027;50.613251;50.613251, 3.059027
104.0;Parc du Rossignol;Lomme;2.0;Espace vert public;Parc;Oui;Restreinte;Avril à Septembre : 9h00 à 20h00;Octobre à Mars : 9h00 à 18h00;Oui;Rossignol (Parc du);3 bis Rue victor Hugo;13238.2465820312;;;;2014;700498.6626;7059592.6224;3.007036;50.633306;50.633306, 3.007036
107.0;Jardin de la Fauvette Grisette;Lille-Sud;2.0;Espace vert public;Jardin public;Oui;Permanente;;;Oui;Fauvette Grisette (Jardin de la);Rue Marie Pape-Carpantier;3968.23583984375;;;;2015;703848.8352;7056590.4354;3.05428;50.606351;50.606351, 3.05428
111.0;Place Edith Cavell;Lille-Sud;2.0;Espace vert public;Place;Oui;Permanente;;;Oui;Edith Cavell (Place);Place Edith Cavell;3179.20068359375;;;;;703134.9366;7057084.8996;3.044216;50.610793;50.610793, 3.044216
113.0;Jardin de la Faculté de Pharmacie;Lille-Sud;2.0;Espace vert public;Jardin botanique;Oui;Restreinte;De 9h00 à 12h00 et de 14h00 à 16h00 sauf période des vacances universitaires;De 9h00 à 12h00 et de 14h00 à 16h00 sauf période des vacances universitaires;Non;Faculté de Pharmacie (Jardin de la);3 Rue du Professeur Laguesse;3226.66259765625;;CHU-Eurasanté, Ligne 2;;1970;702979.7214;7056529.8468;3.042022;50.605812;50.605812, 3.042022
117.0;Allée des Tilleuls;Hellemmes;2.0;Espace vert public;Jardin public;Oui;Permanente;;;Non;Tilleuls (Allée des);Rue Saint-Eloi;5219.09130859375;;Hellemmes Mairie, Ligne 1;;;707779.4766;7059368.082;3.109768;50.631242;50.631242, 3.109768
135.0;Jardins Concorde;Faubourg de Béthune;3.0;Jardin d'Habitants;Jardins familiaux;Non;Restreinte;;;Non;Concorde (Jardins);Rue Léon Blum;2704.59423828125;;;;;702672.5682;7057877.7954;3.0377;50.617911;50.617911, 3.0377
140.0;Jardin Comme une Aut'Terre;Lille-Moulins;3.0;Jardin d'Habitants;Jardin communautaire;Oui;Restreinte;;;Non;Comme une Aut'Terre (Jardin);13 Rue de la Plaine;386.20947265625;;Porte d'Arras, Ligne 2;;;704694.1224;7058184.7938;3.06622;50.620654;50.620654, 3.06622
147.0;Jardin Le Bizardin;Hellemmes;3.0;Jardin d'Habitants;Jardin communautaire;Oui;Restreinte;;;Non;Le Bizardin (Jardin);Rue Denis Papin;3163.02392578125;;Marbrerie, Ligne 1;;;706987.2894;7058940.2196;3.098582;50.627412;50.627412, 3.098582
158.0;Espace résidentiel Petit Maroc;Fives;2.0;Espace vert public;Square;Oui;Permanente;;;Oui;Petit Maroc (Espace résidentiel);Rue des Frères Lumière;5363.158203125;;Porte de Valenciennes, Ligne 2;;;706176.0972;7057975.7976;3.087122;50.618765;50.618765, 3.087122
164.0;Jardin des équipements;Lille-Sud;2.0;Espace vert public;Square;Oui;Permanente;;;Oui;Equipements (Jardin des);Rue de l'Asie;9302.845703125;;;;;703760.4204;7056344.4588;3.053031;50.604144;50.604144, 3.053031
165.0;Square Pierre Loti;Lille-Sud;2.0;Espace vert public;Square;Oui;Permanente;;;Oui;PIerre Loti (Square);Rue Pierre Loti;877.076171875;;;;;703531.8;7056134.5854;3.049805;50.602262;50.602262, 3.049805
167.0;Square de Normandie;Saint-Maurice Pellevoisin;2.0;Espace vert public;Square;Oui;Permanente;;;Non;Normandie (Square de);Square de Normandie;363.2744140625;;;;;706842.2502;7061353.005;3.096578;50.649066;50.649066, 3.096578
170.0;Square des Urbanistes;Vieux-Lille;2.0;Espace vert public;Pelouse;Oui;Permanente;;;Non;Urbanistes (Square de);Rue des Urbanistes;1404.83056640625;;;;;705016.686;7060518.9192;3.0708;50.641598;50.641598, 3.0708
174.0;Jardins du Petit Paradis;Vauban-Esquermes;3.0;Jardin d'Habitants;Jardins familiaux;Non;Restreinte;;;Non;Petit Paradis (Jardins du);Avenue du Petit Paradis;5070.93359375;;;;;703283.0406;7061185.4706;3.046338;50.647592;50.647592, 3.046338
203.0;Jardin de poche Saint-Maurice;Saint-Maurice Pellevoisin;2.0;Espace vert public;Jardin de poche;Oui;Permanente;;;Non;Saint-Maurice (Jardin de poche);160 bis Rue du Faubourg de Roubaix;87.61328125;;;;;706119.7386;7060571.3352;3.086367;50.642059;50.642059, 3.086367
160.0;Jardin Niwa Hanagara;Lille-Moulins;3.0;Jardin d'Habitants;Jardin communautaire;Non;Restreinte;;;Non;Niwa Hanagara (Jardin);Rue Alfred Naquet;2090.41552734375;;;;;705666.7398;7058125.9614;3.079939;50.620118;50.620118, 3.079939
208.0;Placette Béranger-Fulton;Vauban-Esquermes;2.0;Espace vert public;Place;Oui;Permanente;;;Non;Béranger-Fulton (placette);Rue Béranger;585.3818359375;;;;;702706.8876;7058342.3628;3.038187;50.62208;50.62208, 3.038187
2.0;Parc Matisse;Lille-Centre;1.0;Espace vert public;Parc;Oui;Permanente;;;Oui;Matisse (Parc);Place François Mitterrand;73120.4526367188;;Gare Lille Flandres, Ligne 1, Ligne 2;;;705143.0958;7060390.9374;3.072582;50.640449;50.640449, 3.072582
15.0;Cimetière de l'Est;Saint-Maurice Pellevoisin;1.0;Cimetière;Cimetière;Oui;Restreinte;Avril à Septembre : 8h00 à 18h45;Octobre à Mars : 8h00 à 16h45;Non;Est (Cimetière de l');16 Rue du Ballon;200760.9296875;;Gare Lille Europe, Ligne 2;;;705656.388;7060731.774;3.079831;50.643503;50.643503, 3.079831
19.0;Jardin Le Blan-Lafont;Bois-Blancs;1.0;Espace vert public;Parc;Oui;Permanente;;;Non;Le Blan-Lafont (jardin);Quai Hegel;14937.642578125;;;;;701521.1952;7059448.0128;3.021464;50.632006;50.632006, 3.021464
20.0;Parc des Berges;Bois-Blancs;1.0;Espace vert public;Parc;Oui;Permanente;;;Oui;Bois-Blancs (Berges des);Avenue Marx Dormoy;50738.7744140625;;Bois Blancs, Ligne 2;;;702032.508;7059089.9952;3.028677;50.628792;50.628792, 3.028677
24.0;Square Dutilleul;Lille-Centre;2.0;Espace vert public;Square;Oui;Permanente;;;Oui;Dutilleul (Square);Square Dutilleul;4767.0576171875;;République - Beaux Arts, Ligne 1;;;703944.222;7059951.672;3.055658;50.636516;50.636516, 3.055658
32.0;Square Lardemer;Fives;2.0;Espace vert public;Square;Oui;Restreinte;Avril à Septembre : 7h15 à 21h00;Octobre à Mars : 7h15 à 20h15;Oui;Lardemer (Square);Rue de la Phalecque;13404.9311523438;;"Caulier, Ligne 1 ; Fives, Ligne 1";;;706399.7868;7059877.8642;3.090309;50.635833;50.635833, 3.090309
38.0;Jardin de Craie;Lille-Sud;2.0;Espace vert public;Jardin public;Oui;Permanente;;;Non;Craie (Jardin de);153 Rue de l'Arbrisseau;2546.52392578125;;;;;703656.7452;7056297.8184;3.051568;50.603726;50.603726, 3.051568
39.0;Jardin des 18 Ponts;Lille-Moulins;2.0;Espace vert public;Jardin public;Oui;Permanente;;;Oui;18 Ponts (Jardin des);Rue des 18 Ponts;13607.3110351562;;"Porte de Valenciennes, Ligne 2 ; Porte de Douai, Ligne 2";;;705570.9516;7058057.0364;3.078587;50.6195;50.6195, 3.078587
40.0;Jardin des Olieux;Lille-Moulins;2.0;Espace vert public;Jardin public;Oui;Permanente;;;Oui;Olieux (Jardin des);16 Rue Lamartine;7088.8583984375;;Porte d'Arras, Ligne 2;;;704483.1978;7058248.1052;3.063245;50.621224;50.621224, 3.063245
55.0;Square du Ramponneau;Vieux-Lille;2.0;Espace vert public;Square;Oui;Permanente;;;Non;Ramponneau (Square du);Square du Ramponneau;3693.78564453125;;;;;703754.6628;7060238.898;3.052986;50.639094;50.639094, 3.052986
62.0;Îlot Comtesse;Vieux-Lille;2.0;Espace vert public;Pelouse;Oui;Permanente;;;Non;Comtesse (Îlot);Îlot Comtesse;2613.056640625;;;;;704533.461;7060469.9052;3.063979;50.641162;50.641162, 3.063979
71.0;Square de l'Internationale;Hellemmes;2.0;Espace vert public;Square;Oui;Permanente;;;Oui;Internationale (Square de l');Square de l'Internationale;2503.361328125;;;;;707195.037;7058674.266;3.101509;50.625023;50.625023, 3.101509
72.0;Square Ferry;Hellemmes;2.0;Espace vert public;Square;Oui;Permanente;;;Oui;Ferry (Square);91 Rue Jules Ferry;1112.00830078125;;;;;707133.4278;7058409.7878;3.100635;50.62265;50.62265, 3.100635
73.0;Square Cordonnier;Hellemmes;2.0;Espace vert public;Square;Oui;Permanente;;;Non;Cordonnier (Square);Rue Denis Cordonnier;1418.57373046875;;Lezennes, Ligne 1;;;708229.8048;7059135.9402;3.116117;50.629153;50.629153, 3.116117
77.0;Parc Jean-Baptiste Dumas;Lomme;2.0;Espace vert public;Jardin public;Oui;Restreinte;Avril à Septembre : 9h00 à 20h00;Octobre à Mars : 9h00 à 18h00;Non;Jean-Baptiste Dumas (Parc);84 Rue Jean Baptiste Dumas;2458.2861328125;;;;;700603.8414;7059015.4446;3.00852;50.628126;50.628126, 3.00852
81.0;Parc de la Maison des Enfants;Lomme;2.0;Espace vert public;Parc;Oui;Restreinte;Avril à Septembre : 9h00 à 20h00;Octobre à Mars : 9h00 à 18h00;Oui;Maison des Enfants (Parc de la);796 Avenue de Dunkerque;83062.1416015625;;Maison des Enfants, Ligne 2;;;699546.7218;7061186.5272;2.993602;50.64761;50.64761, 2.993602
90.0;Square Trévise;Lille-Moulins;2.0;Espace vert public;Square;Oui;Permanente;;;Oui;Trévise (Square);22 Rue de Valenciennes;1336.86767578125;;Porte de Valenciennes, Ligne 2;;;705216.1578;7058394.357;3.073587;50.62253;50.62253, 3.073587
106.0;Parc Gustave Engrand;Hellemmes;2.0;Espace vert public;Parc;Oui;Restreinte;De 7h00 à 21h30;De 7h00 à 21h30;Oui;Gustave Engrand (Parc);Rue Jacquard;34995.490234375;;;;;708275.8698;7059812.283;3.116781;50.635222;50.635222, 3.116781
108.0;Square Courbet-Comte;Lille-Sud;2.0;Espace vert public;Square;Oui;Permanente;Avril à septembre : 8h15 à 19h45;;Oui;Courbet-Comte (Square);Rue Gustave Courbet;1009.451171875;;;;;702894.7392;7056812.8194;3.040826;50.608352;50.608352, 3.040826
114.0;Square des Horticulteurs;Saint-Maurice Pellevoisin;2.0;Espace vert public;Square;Oui;Restreinte;Avril à Septembre : 9h00 à 21h00;Octobre à Mars : 9h00 à 17h00;Non;Horticulteurs (Square des);137 Rue du Faubourg de Roubaix;1091.93798828125;;"Euralille, Ligne 2 ; Saint-Maurice, Ligne 2";;2019;705930.5106;7060531.401;3.083696;50.641702;50.641702, 3.083696
119.0;Square Léon Blum;Lomme;2.0;Espace vert public;Square;Oui;Permanente;;;Oui;Léon Blum (Square);Place Léon Blum;685.6884765625;;Mitterie, Ligne 2;;;700343.2206;7061372.0364;3.004845;50.649274;50.649274, 3.004845
120.0;Jardin de l'Allée Saint-Charles;Bois-Blancs;2.0;Espace vert public;Jardin public;Oui;Permanente;;;Non;Saint-Charles (Jardin de l'Allée);Allée Coignet;340.234375;;;;;701819.0124;7059393.1572;3.025666;50.631513;50.631513, 3.025666
133.0;Square Gavarni;Bois-Blancs;2.0;Espace vert public;Square;Oui;Permanente;;;Oui;Gavarni (Square);Rue Gavarni;977.6552734375;;Bois Blancs, Ligne 2;;;701865.7494;7059600.1284;3.026327;50.63337;50.63337, 3.026327
134.0;Jardins des Coccinelles;Faubourg de Béthune;3.0;Jardin d'Habitants;Jardins familiaux;Non;Restreinte;;;Non;Coccinelles (Jardins des);1 Rue Chevalier de l'Espinard;4146.95458984375;;CHR Oscar Lambret, Ligne 1;;;702415.6584;7057530.2592;3.034074;50.614793;50.614793, 3.034074
146.0;Jardin Au fil du temps…du Moulin d'Or;Hellemmes;3.0;Jardin d'Habitants;Jardin communautaire;Oui;Restreinte;;;Non;Au fil du temps…du Moulin d'Or (Jardin);80 Rue Marcelin Krebs;1075.30712890625;;Lezennes, Ligne 1;;;708414.7464;7058361.9072;3.11871;50.622204;50.622204, 3.11871
151.0;Jardin du Coq;Hellemmes;3.0;Jardin d'Habitants;Jardins familiaux;Non;Restreinte;;;Non;Coq (Jardin du);Allée des Tilleuls;1283.48583984375;;Hellemmes Mairie, Ligne 1;;;707764.2726;7059408.4746;3.109554;50.631605;50.631605, 3.109554
152.0;Jardin de l'Allée des Chalands;Bois-Blancs;3.0;Jardin d'Habitants;Jardins familiaux;Non;Restreinte;;;Non;Allée des Chalands (Jardin de l');Allée des Chalands;3524.10400390625;;Bois Blancs, Ligne 2;;;702311.3214;7059506.8866;3.032613;50.632532;50.632532, 3.032613
153.0;Plaine de la Collose;Faubourg de Béthune;2.0;Espace vert public;Jardin public;Oui;Permanente;;;Oui;Collose (Plaine de la);Chemin de la Collose;8503.06494140625;;CHR Oscar Lambret, Ligne 1;;;702239.3568;7057780.0134;3.031588;50.617035;50.617035, 3.031588
171.0;Terrasse Sainte-Catherine;Vieux-Lille;2.0;Espace vert public;Square;Oui;Permanente;;;Non;Sainte-Catherine (Terrasse);Terrasse Sainte-Catherine;185.6123046875;;;;;704005.947;7060274.9076;3.056533;50.639416;50.639416, 3.056533
177.0;Porte de Dunkerque - Pyramides;Bois-Blancs;2.0;Espace vert public;Pelouse;Oui;Permanente;;;Non;Porte de Dunkerque - Pyramides;Avenue Léon Jouhaux;37193.53515625;;;;;702756.2022;7060027.179;3.038894;50.6372;50.6372, 3.038894
178.0;Jardin Colbert;Vauban-Esquermes;2.0;Espace vert public;Square;Oui;Restreinte;;;Non;Colbert (Square);212 Rue Colbert;500.455078125;;;;;702898.8318;7059667.6794;3.040904;50.633973;50.633973, 3.040904
181.0;Jardin des Agrions;Bois-Blancs;3.0;Jardin d'Habitants;Jardin partagé;Non;Restreinte;;;Non;Agrions (Jardins des);134 Quai de l'Ouest;1202.990234375;;;;;701433.3726;7058821.3602;3.020223;50.626383;50.626383, 3.020223
189.0;Ferme urbaine Saint-Sauveur;Lille-Centre;3.0;Jardin d'Habitants;Jardin partagé;Oui;Restreinte;;;Non;Saint-Sauveur (Ferme urbaine);17 Boulevard Jean-Baptiste Lebas;5596.32275390625;;;;;705111.5502;7058825.4114;3.072116;50.6264;50.6264, 3.072116
193.0;Jardin de la Busette;Lille-Centre;3.0;Jardin d'Habitants;Jardin partagé;Oui;Restreinte;;;Non;Busette (Jardin de la);1 Rue Georges Lefebvre;596.6435546875;;;;;705269.1006;7059365.4372;3.074346;50.631245;50.631245, 3.074346
197.0;Jardin de poche Courbet-Long Pot;Fives;2.0;Espace vert public;Jardin de poche;Oui;Permanente;;;Non;Courbet-Long Pot (Jardin de poche);50 Rue de l'Amiral Courbet;425.677734375;;;;;706232.0652;7059277.8048;3.087932;50.630449;50.630449, 3.087932
204.0;Place Raoul de Godewarvelde;Lille-Moulins;2.0;Espace vert public;Jardin de poche;Oui;Permanente;;;Non;Raoul de Godewarvelde (Place);Place Raoul de Godewarvelde;302.9208984375;;;;;704081.5848;7058071.4196;3.057577;50.619641;50.619641, 3.057577
18.0;Jardin écologique de la Poterne;Vieux-Lille;1.0;Espace vert public;Réserve naturelle volontaire;Oui;Restreinte;week-end et jours fériés à partir de 15h00 ou sur réservation;week-end et jours fériés à partir de 15h00 ou sur réservation;Non;Poterne (Jardin écologique de la);Rue du Guet;23650.6865234375;;;;;703801.068;7061428.6536;3.053652;50.649771;50.649771, 3.053652
28.0;Square Verhaeren;Faubourg de Béthune;2.0;Espace vert public;Square;Oui;Restreinte;Avril à Septembre : 9h30 à 20h15;Octobre à Mars : 8h00 à 18h45;Oui;Verhaeren (Square);Avenue Beethoven;14196.1591796875;;;;;702128.4276;7058075.1924;3.030025;50.619684;50.619684, 3.030025
1.0;Plaine des Vachers;Bois-Blancs;1.0;Espace vert public;Parc;Oui;Permanente;;;Oui;Vachers (Plaine des);Chemin des vachers;32735.880859375;;"Bois-Blancs, Ligne 2 ; Port de Lille, Ligne 2";;;702155.3604;7059404.5644;3.030412;50.631614;50.631614, 3.030412
3.0;Parc JB Lebas;Lille-Centre;1.0;Espace vert public;Parc;Oui;Restreinte;Avril à Septembre : 7h30 à 22h00;Octobre à Mars : 7h30 à 21h00;Oui;JB Lebas (Parc);Boulevard JB Lebas;24243.1157226562;;Lille Grand Palais, Ligne 2;;;704892.744;7058821.9632;3.069029;50.62637;50.62637, 3.069029
11.0;Parc naturel urbain;Lomme;1.0;Espace vert public;Parc;Oui;Restreinte;Avril à Septembre : 9h00 à 21h00;Octobre à Mars : 9h00 à 17h00;Oui;Urbain (Parc naturel);Rue du Chateau D'Isenghien;332063.440917969;;Saint-Philibert, Ligne 2;;;698883.7674;7062132.9078;2.984242;50.656102;50.656102, 2.984242
14.0;Cimetière du Bourg;Lomme;1.0;Cimetière;Cimetière;Oui;Restreinte;Avril à Octobre : 8h15 à 18h30;Novembre à Mars : 8h15 à 17h30;Non;Bourg (Cimetière du);Avenue de Dunkerque;29505.2041015625;;;;;698680.785;7061020.7598;2.981381;50.646121;50.646121, 2.981381
17.0;Cimetière du Sud;Lille-Sud;1.0;Cimetière;Cimetière;Oui;Restreinte;Avril à Septembre : 8h00 à 18h45;Octobre à Mars : 8h00 à 16h45;Non;Sud (Cimetière du);Place Martin Luther King;311067.449707031;;;;;703575.6204;7056895.419;3.050429;50.60909;50.60909, 3.050429
23.0;Square Foch;Lille-Centre;2.0;Espace vert public;Square;Oui;Permanente;;;Non;Foch (Square);Square Foch;5106.14990234375;;"Rihour, Ligne 1 ; République - Beaux Arts, Ligne 1";;;704052.2178;7059849.2196;3.057181;50.635595;50.635595, 3.057181
30.0;Plaine du Bazinghien;Faubourg de Béthune;2.0;Espace vert public;Jardin public;Oui;Permanente;;;Oui;Bazinghien (Plaine du);Rue du Mal-Assis;5943.49755859375;;;;;701910.2988;7058000.1252;3.026948;50.619011;50.619011, 3.026948
34.0;Square Ravel-Debussy;Fives;2.0;Espace vert public;Square;Oui;Permanente;;;Oui;Ravel-Debussy (Square);Rue Claude Debussy;3663.2001953125;;Fives, Ligne 1;;;706055.4318;7059218.1996;3.085439;50.629916;50.629916, 3.085439
37.0;Esplande Joseph Wresinski;Lille-Sud;2.0;Espace vert public;Square;Oui;Permanente;;;Non;Joseph Wresinski (Esplanade);Rue du Faubourg des Postes;9513.84326171875;;Porte des Postes, Ligne 1, Ligne 2;;;703521.4428;7057680.8652;3.049672;50.616139;50.616139, 3.049672
42.0;Square de l'Arsenal des Postes;Lille-Moulins;2.0;Espace vert public;Square;Oui;Permanente;;;Non;Arsenal des Postes (Square de l');125 Rue de Condé;4400.39453125;;Porte des Postes, Ligne 1, Ligne 2;;;703908.9702;7057995.9942;3.055142;50.618965;50.618965, 3.055142
49.0;Square Faraday;Saint-Maurice Pellevoisin;2.0;Espace vert public;Square;Oui;Permanente;;;Oui;Faraday (Square);Parvis Notre-Dame de Pellevoisin;763.52783203125;;;;;706513.1346;7061484.7032;3.091934;50.650252;50.650252, 3.091934
51.0;Square de la Houblonnière;Vauban-Esquermes;2.0;Espace vert public;Square;Oui;Permanente;;;Oui;Houblonnière (Square de la);Rue Alfred de Vigny;1711.421875;;"Cormontaigne, Ligne 2 ; Port de Lille, Ligne 2";;;702413.436;7058966.7696;3.034051;50.627685;50.627685, 3.034051
58.0;Jardin de la Porte de Gand;Vieux-Lille;2.0;Espace vert public;Jardin public;Oui;Permanente;;;Non;Porte de Gand (Jardin de la);Porte de Gand;23335.5229492188;;;;;704871.3492;7060819.7064;3.068752;50.644299;50.644299, 3.068752
59.0;Square Julien Grimonprez;Vieux-Lille;2.0;Espace vert public;Square;Oui;Permanente;;;Oui;Julien Grimonprez (Square);Square Julien Grimonprez;6498.66064453125;;;;;704359.8654;7060840.47;3.061533;50.644489;50.644489, 3.061533
63.0;Square Saint-Joseph;Vieux-Lille;2.0;Espace vert public;Square;Oui;Permanente;;;Non;Saint-Joseph (Square);Place Saint-Joseph;452.6103515625;;;;;704608.119;7060600.4994;3.065034;50.642334;50.642334, 3.065034
65.0;Façade de l'Esplanade;Vieux-Lille;2.0;Espace vert public;Parc;Oui;Permanente;;;Non;Esplanade (Façade de l');Façade de l'Esplanade;44783.8466796875;;;;;703667.184;7060777.0452;3.051757;50.643924;50.643924, 3.051757
67.0;Square du Maréchal Birdwood;Wazemmes;2.0;Espace vert public;Square;Oui;Permanente;;;Non;Maréchal Birdwood (Square du);Place Philippe de Girard;3896.76318359375;;Gambetta, Ligne 1;;;703324.8708;7059218.313;3.046912;50.629938;50.629938, 3.046912
70.0;Jardin Flandre Manuel;Wazemmes;2.0;Espace vert public;Jardin public;Oui;Restreinte;Avril à Septembre : 9h00 à 21h30;Octobre à Mars : 9h00 à 20h30;Non;Flandre Manuel (Jardin);76 Rue Manuel;2496.35546875;;Wazemmes, Ligne 1;;;703852.1256;7058917.1868;3.054349;50.627232;50.627232, 3.054349
74.0;Square des Anciens Combattants;Hellemmes;2.0;Espace vert public;Square;Oui;Permanente;;;Non;Anciens combattants (Square des);144 Rue Faidherbe;249.7216796875;;Hellemmes, Ligne 1;;;708007.08;7059248.6076;3.112977;50.630167;50.630167, 3.112977
80.0;Parc des Lilas;Lomme;2.0;Espace vert public;Jardin public;Oui;Restreinte;Avril à Septembre : 9h00 à 19h30;Octobre à Mars : 9h00 à 18h00;Non;Lilas (Parc des);63 Rue du Vingtième Siècle;2392.08837890625;;Lomme Lambersart, Ligne 2;;;701071.1886;7060005.735;3.015116;50.637012;50.637012, 3.015116
86.0;Ferme éducative de Lomme;Lomme;2.0;Ferme pédagogique;Ferme pédagogique;Oui;Restreinte;2ème & 4 ème Mercredi : 14h30 à 16h30 (Hors vacances);2ème & 4 ème Mercredi : 14h30 à 16h30 (Hors vacances);Non;Lomme (Ferme éducative de);Rue de Lompret;37721.912109375;;;;;699234.4764;7061994.0312;2.989193;50.654856;50.654856, 2.989193
87.0;Ferme pédagogique Marcel Dhénin;Fives;2.0;Ferme pédagogique;Ferme pédagogique;Oui;Restreinte;Du lundi au vendredi de 9h à 17h;sur réservation à fermelille@mairie-lille.fr;Non;Marcel Dhénin (Ferme pédagogique);14 Rue Eugène Jacquet;12657.3037109375;;"Gare Lille Europe, Ligne 2 ; Caulier, Ligne 1";;;705648.3324;7060074.1518;3.079707;50.637602;50.637602, 3.079707
91.0;Square de l'Avenue du Peuple Belge;Vieux-Lille;2.0;Espace vert public;Square;Oui;Permanente;;;Non;Avenue du Peuple Belge (Square de l');Avenue du Peuple Belge;7685.8515625;;;;;704352.4902;7061042.4312;3.061432;50.646301;50.646301, 3.061432
94.0;Square de la Baltique;Faubourg de Béthune;2.0;Espace vert public;Square;Oui;Permanente;;;Oui;Baltique (Square de la);Rue de la Baltique;4388.302734375;;CHR Oscar Lambret, Ligne 1;;;702412.4148;7057638.4776;3.034028;50.615764;50.615764, 3.034028
96.0;Square Massenet;Fives;2.0;Espace vert public;Square;Oui;Permanente;;;Oui;Massenet (Square);Rue Massenet;1001.89453125;;Fives, Ligne 1;;;706275.8868;7059278.334;3.088551;50.630454;50.630454, 3.088551
125.0;Square de Filbertville;Lille-Sud;2.0;Espace vert public;Square;Oui;Permanente;;;Oui;Filbertville (Square de);Rue de Filberville;3898.85302734375;;;;;704834.1246;7057184.1612;3.068182;50.611673;50.611673, 3.068182
126.0;Square Saint-Denis;Hellemmes;2.0;Espace vert public;Square;Oui;Permanente;;;Non;Saint-Denis (Square);Rue du Théâtre de Verdure;883.1328125;;Hellemmes, Ligne 1;;;707843.8464;7059020.2044;3.110669;50.628119;50.628119, 3.110669
131.0;Square des Sarrazins;Wazemmes;2.0;Espace vert public;Square;Oui;Permanente;;;Oui;Sarrazins (Square des);Rue des Sarrazins;4154.19775390625;;"Wazemmes, Ligne 1 ; Montébello, Ligne 2";;;703361.1612;7058612.1702;3.047419;50.624498;50.624498, 3.047419
137.0;Jardin Combemale;Lille-Sud;3.0;Jardin d'Habitants;Jardins familiaux;Non;Restreinte;;;Non;Combemale (Jardin);Rue Frédéric Combemale;5145.5517578125;;;;;701842.4988;7057389.2028;3.025988;50.613529;50.613529, 3.025988
139.0;Jardin des Retrouvailles;Lille-Moulins;3.0;Jardin d'Habitants;Jardin communautaire;Oui;Restreinte;Sous réserve de disponibilité d'habitants, les samedi après-midi;;Non;Retrouvailles (Jardin des);8 Rue Monstesquieu;913.85986328125;;Porte de Douai, Ligne 2;;;705010.6794;7058295.9858;3.070687;50.621649;50.621649, 3.070687
141.0;Jardin du Pré-Muché;Saint-Maurice Pellevoisin;3.0;Jardin d'Habitants;Jardin communautaire;Oui;Restreinte;"Le 2ème samedi du mois à partir de 14h30,  le 4ème dimanche du mois 11h-13h
Les mercredis de juillet";;Non;Pré-Muché (Jardin du);117 Rue Saint-Gabriel;711.16357421875;;Saint Maurice Pellevoisin, Ligne 2;;;706090.2642;7060504.1706;3.08595;50.641456;50.641456, 3.08595
145.0;Jardin des Waz'ifs;Wazemmes;3.0;Jardin d'Habitants;Jardins familiaux;Oui;Restreinte;;;Non;Waz'ifs (Jardin des);Rue de l'Hopital Saint-Roch;524.369140625;;Wazemmes, Ligne 1;;;703502.211;7058607.5508;3.049409;50.624456;50.624456, 3.049409
150.0;Jardin La Clé des Épinois;Hellemmes;3.0;Jardin d'Habitants;Jardin communautaire;Oui;Permanente;;;Non;La Clé des Épinois (Jardin);Rue de la Ville de Naumburg;656.8173828125;;;;2016;707443.8582;7058088.6924;3.105008;50.619765;50.619765, 3.105008
155.0;Espace résidentiel Babeuf;Faubourg de Béthune;2.0;Espace vert public;Pelouse;Oui;Permanente;;;Oui;Babeuf (Espace résidentiel);Boulevard de Metz;23242.7861328125;;"Porte des Postes, Ligne 1, Ligne 2 ; Montébello, Ligne 2";;;702276.7152;7058198.9196;3.032118;50.620794;50.620794, 3.032118
157.0;Square des Frères Lumière;Fives;2.0;Espace vert public;Square;Oui;Permanente;;;Oui;Petit Maroc;Rue des Frères Lumière;9728.18115234375;;Porte de Valenciennes, Ligne 2;;;706045.2768;7058150.415;3.08528;50.620334;50.620334, 3.08528
162.0;Square Colette;Lille-Sud;2.0;Espace vert public;Square;Oui;Permanente;;;Oui;Colette (Square);Rue Romain Rolland;3103.1318359375;;;;2015;703571.082;7057331.5644;3.050369;50.613004;50.613004, 3.050369
166.0;Terrain Suzanne Lenglen;Lille-Sud;2.0;Espace vert public;Pelouse;Oui;Permanente;;;Oui;Suzanne Lenglen;Rue Romain Rolland;1150.32080078125;;;;;703607.6406;7057251.1872;3.050884;50.612282;50.612282, 3.050884
173.0;Parc de la Citadelle;Vauban-Esquermes;1.0;Espace vert public;Parc;Oui;Permanente;;;Oui;Citadelle (Parc de la);Avenue du 43ème R.I;822551.077636719;;;;;702880.5564;7060612.299;3.040653;50.64245;50.64245, 3.040653
175.0;Jardin de la Paresse;Wazemmes;2.0;Espace vert public;Jardin public;Oui;Permanente;;;Non;Paresse (Jardin de la);Rue Van Dyck;2257.1279296875;;;;;703520.4198;7058162.5716;3.049662;50.620462;50.620462, 3.049662
176.0;Halle de Glisse;Lille-Sud;2.0;Espace vert public;Pelouse;Oui;Permanente;;;Non;Glisse (Halle de);Rue du Faubourg des Postes;30185.6796875;;Porte des Postes, Ligne 1, Ligne 2;;;703612.0416;7057668.5448;3.05095;50.616028;50.616028, 3.05095
184.0;Parc de l'Avenue des Saules;Lomme;2.0;Espace vert public;Parc;Oui;Permanente;;;Non;Saules (Parc de l'Avenue des);Avenue des Saules;6401.017578125;;;;2012;701106.423;7059417.7782;3.015612;50.631736;50.631736, 3.015612
188.0;Jardin Ressource des Saprophytes;Fives;3.0;Jardin d'Habitants;Jardin partagé;Oui;Restreinte;;;Non;Ressource des Saprophytes (Jardin);95 Rue du Long Pot;517.603515625;;;;;706290.6642;7059056.0982;3.088756;50.628459;50.628459, 3.088756
190.0;Jardin des Herbes Folles;Lille-Sud;3.0;Jardin d'Habitants;Jardin partagé;Oui;Restreinte;;;Non;Herbes Folles (Jardin des);19 Chemin des Margueritois;1805.18359375;;;;;704865.312;7057057.3836;3.068621;50.610535;50.610535, 3.068621
191.0;Jardin André Ballet;Fives;3.0;Jardin d'Habitants;Jardin partagé;Oui;Restreinte;;;Non;André Ballet (Jardin);Rue André Ballet;542.611328125;;;;;706790.346;7059109.6824;3.095807;50.628935;50.628935, 3.095807
209.0;Jardin Samuel Paty;Lomme;2.0;Espace vert public;Jardin public;Oui;Restreinte;Avril à Septembre : 9h00 à 20h00;Octobre à Mars : 9h00 à 18h00;Oui;Samuel Paty (Jardin);Avenue de la Délivrance;2777.623046875;;;;2021;699421.6224;7060480.5066;2.991838;50.641274;50.641274, 2.991838
