﻿Nom;Type;Adresse;geo_shape;geo_point_2d
Jardins de l'Atelier;JARDIN;rue de Renaix;"{""coordinates"": [3.1705395069242, 50.72265021731136], ""type"": ""Point""}";50.72265021731136, 3.1705395069242
Place de la Victoire;SQUARE;Place de la Victoire;"{""coordinates"": [3.157951901441217, 50.71764027886598], ""type"": ""Point""}";50.71764027886598, 3.157951901441217
Jardin Botanique;JARDIN;Rue du Moulin Fagot;"{""coordinates"": [3.168591690709027, 50.7244570703344], ""type"": ""Point""}";50.7244570703344, 3.168591690709027
Square Leman;SQUARE;rue de Constantine;"{""coordinates"": [3.153431915326653, 50.69417123414507], ""type"": ""Point""}";50.69417123414507, 3.153431915326653
Jardin Jean Moulin;JARDIN;rue du petit village;"{""coordinates"": [3.145882796359355, 50.72096330151804], ""type"": ""Point""}";50.72096330151804, 3.145882796359355
Square Dierricks;SQUARE;rue du Docteur Schweitzer;"{""coordinates"": [3.177237211167439, 50.739472027585265], ""type"": ""Point""}";50.739472027585265, 3.177237211167439
Jardin Hospice d'Havré;JARDIN;100 rue de Tournai;"{""coordinates"": [3.1629717570777762, 50.720094357581374], ""type"": ""Point""}";50.720094357581374, 3.1629717570777762
Parc de l'Yser;PARC;rue de l'Yser;"{""coordinates"": [3.1692472801359752, 50.745805896731824], ""type"": ""Point""}";50.745805896731824, 3.1692472801359752
Square du Brouteux;SQUARE;rue de Roubaix;"{""coordinates"": [3.167150373046111, 50.71151251313947], ""type"": ""Point""}";50.71151251313947, 3.167150373046111
Jardin Pont Rompu;JARDIN;Rue du Pont Rompu;"{""coordinates"": [3.14804226888925, 50.73744495780085], ""type"": ""Point""}";50.73744495780085, 3.14804226888925
Parc Clémenceau;PARC;rue de la Fin de la Guerre;"{""coordinates"": [3.150428832505873, 50.72823767153652], ""type"": ""Point""}";50.72823767153652, 3.150428832505873
Square Foch;SQUARE;Place du Maréchal Foch;"{""coordinates"": [3.149250724672941, 50.714500595434146], ""type"": ""Point""}";50.714500595434146, 3.149250724672941
Promenade des belles rencontres;SQUARE;Rue de Venise;"{""coordinates"": [3.14398621160222, 50.73013921444288], ""type"": ""Point""}";50.73013921444288, 3.14398621160222
Jardin Roses Madagascar;JARDIN;Rue des Roses;"{""coordinates"": [3.155484595443774, 50.731145718310046], ""type"": ""Point""}";50.731145718310046, 3.155484595443774
Serres pédagogiques;SERRES;Rue du Moulin Fagot;"{""coordinates"": [3.16663152673978, 50.72462928995237], ""type"": ""Point""}";50.72462928995237, 3.16663152673978
Parc du Moulin Tonton;PARC;rue d'Orchies;"{""coordinates"": [3.171651208792487, 50.71297316784827], ""type"": ""Point""}";50.71297316784827, 3.171651208792487
Coulée verte - canal de Roubaix;JARDIN;Canal de Tourcoing;"{""coordinates"": [3.157201874915017, 50.71112134579413], ""type"": ""Point""}";50.71112134579413, 3.157201874915017
Square Baudoin De Lannoy;SQUARE;rue du Docteur Schweitzer;"{""coordinates"": [3.179386368146191, 50.74037760872506], ""type"": ""Point""}";50.74037760872506, 3.179386368146191
Square Parsy;SQUARE;rue Lamartine;"{""coordinates"": [3.177397343164953, 50.732419966445896], ""type"": ""Point""}";50.732419966445896, 3.177397343164953
Parc des Abeilles;PARC;Rue de Roubaix;"{""coordinates"": [3.164806011094553, 50.712217529983704], ""type"": ""Point""}";50.712217529983704, 3.164806011094553
Cimetière Principal;Cimetière;Rue du Roitelet;"{""coordinates"": [3.174704210139416, 50.74160486072028], ""type"": ""Point""}";50.74160486072028, 3.174704210139416
Square Winston Churchill;SQUARE;Place Victor Hassebroucq;"{""coordinates"": [3.161616475520275, 50.72375796823238], ""type"": ""Point""}";50.72375796823238, 3.161616475520275
Parc de l’Union;PARC;Avenue de l'Union;"{""coordinates"": [3.168318756780835, 50.706968126592194], ""type"": ""Point""}";50.706968126592194, 3.168318756780835
Square Charles Dherin;SQUARE;Rue Fénelon;"{""coordinates"": [3.158401108748492, 50.731486608861154], ""type"": ""Point""}";50.731486608861154, 3.158401108748492
